,Unnamed: 0,company,line,departure_time,arrival_time,start_stop,end_stop,start_stop_lat,start_stop_lon,end_stop_lat,end_stop_lon
0,0,MPK Autobusy,A,20:00:00,20:01:00,KRZYKI,Sowia,51.07488366,17.00656861,51.07379262,17.00184494
1,1,MPK Autobusy,A,20:01:00,20:02:00,Sowia,Chłodna,51.07379262,17.00184494,51.07512234,16.99667086
2,2,MPK Autobusy,A,20:02:00,20:03:00,Chłodna,Wawrzyniaka,51.07512234,16.99667086,51.078074,16.9982022
3,3,MPK Autobusy,A,20:03:00,20:05:00,Wawrzyniaka,Rymarska,51.078074,16.9982022,51.0793232,16.99125798
4,4,MPK Autobusy,A,20:05:00,20:06:00,Rymarska,RACŁAWICKA,51.0793232,16.99125798,51.077395,16.983938
5,5,MPK Autobusy,A,20:06:00,20:07:00,RACŁAWICKA,Bukowskiego,51.077395,16.983938,51.07670719,16.97736107
6,6,MPK Autobusy,A,20:07:00,20:08:00,Bukowskiego,Stanki,51.07670719,16.97736107,51.07632585,16.97206692
7,7,MPK Autobusy,A,20:08:00,20:09:00,Stanki,Kadłubka,51.07632585,16.97206692,51.07647653,16.96866058
8,8,MPK Autobusy,A,20:09:00,20:10:00,Kadłubka,Wiejska,51.07647653,16.96866058,51.07763602,16.96391602
9,9,MPK Autobusy,A,20:10:00,20:11:00,Wiejska,Solskiego,51.07763602,16.96391602,51.08179036,16.96866979
10,10,MPK Autobusy,A,20:11:00,20:13:00,Solskiego,GRABISZYŃSKA (Cmentarz),51.08179036,16.96866979,51.0896217,16.97666221
11,11,MPK Autobusy,A,20:13:00,20:15:00,GRABISZYŃSKA (Cmentarz),FAT,51.0896217,16.97666221,51.09375561,16.98037615
12,12,MPK Autobusy,A,20:15:00,20:17:00,FAT,Aleja Pracy,51.09375561,16.98037615,51.09225862,16.98641641
13,13,MPK Autobusy,A,20:17:00,20:18:00,Aleja Pracy,Inżynierska,51.09225862,16.98641641,51.09454012,16.99196391
14,14,MPK Autobusy,A,20:18:00,20:20:00,Inżynierska,Krucza (Mielecka),51.09454012,16.99196391,51.09325606,17.00249247
15,15,MPK Autobusy,A,20:20:00,20:21:00,Krucza (Mielecka),Krucza,51.09325606,17.00249247,51.09342283,17.0083676
16,16,MPK Autobusy,A,20:21:00,20:23:00,Krucza,Pl. Hirszfelda,51.09342283,17.0083676,51.09382147,17.01795905
17,17,MPK Autobusy,A,20:23:00,20:28:00,Pl. Hirszfelda,Arkady (Capitol),51.09382147,17.01795905,51.10203906,17.02983653
18,18,MPK Autobusy,A,20:28:00,20:31:00,Arkady (Capitol),Dworzec Główny (Dworcowa),51.10203906,17.02983653,51.10114919,17.04001736
19,19,MPK Autobusy,A,20:31:00,20:32:00,Dworzec Główny (Dworcowa),skwer Krasińskiego,51.10114919,17.04001736,51.103441,17.04226
20,20,MPK Autobusy,A,20:32:00,20:33:00,skwer Krasińskiego,Krasińskiego,51.103441,17.04226,51.10585896,17.04334082
21,21,MPK Autobusy,A,20:33:00,20:35:00,Krasińskiego,Urząd Wojewódzki (Muzeum Narodowe),51.10585896,17.04334082,51.11044991,17.04858192
22,22,MPK Autobusy,A,20:35:00,20:36:00,Urząd Wojewódzki (Muzeum Narodowe),Katedra,51.11044991,17.04858192,51.11419938,17.05079812
23,23,MPK Autobusy,A,20:36:00,20:38:00,Katedra,Ogród Botaniczny,51.11419938,17.05079812,51.11715674,17.05147222
24,24,MPK Autobusy,A,20:38:00,20:40:00,Ogród Botaniczny,Wyszyńskiego,51.11715674,17.05147222,51.1227988,17.0528858
25,25,MPK Autobusy,A,20:40:00,20:41:00,Wyszyńskiego,Damrota,51.1227988,17.0528858,51.12648854,17.0548761
26,26,MPK Autobusy,A,20:41:00,20:44:00,Damrota,KROMERA,51.12648854,17.0548761,51.13237794,17.06301095
27,27,MPK Autobusy,A,20:44:00,20:46:00,KROMERA,Berenta,51.13237794,17.06301095,51.1355112,17.05758582
28,28,MPK Autobusy,A,20:46:00,20:48:00,Berenta,pl. Daniłowskiego,51.1355112,17.05758582,51.13881054,17.06030177
29,29,MPK Autobusy,A,20:48:00,20:49:00,pl. Daniłowskiego,Przybyszewskiego,51.13881054,17.06030177,51.14011673,17.06296696
30,30,MPK Autobusy,A,20:49:00,20:50:00,Przybyszewskiego,Czajkowskiego,51.14011673,17.06296696,51.13916433,17.06510721
31,31,MPK Autobusy,A,20:50:00,20:52:00,Czajkowskiego,KOSZAROWA (Uniwersytet),51.13916433,17.06510721,51.14049516,17.06847989
32,32,MPK Autobusy,A,20:52:00,20:53:00,KOSZAROWA (Uniwersytet),KOSZAROWA (Szpital),51.14049516,17.06847989,51.14166292,17.06477615
33,33,MPK Autobusy,A,21:03:00,21:05:00,KOSZAROWA (Szpital),pl. Daniłowskiego,51.14166292,17.06477615,51.138618,17.058885
34,34,MPK Autobusy,A,21:05:00,21:06:00,pl. Daniłowskiego,Kasprowicza,51.138618,17.058885,51.13800706,17.05371917
35,35,MPK Autobusy,A,21:06:00,21:07:00,Kasprowicza,Syrokomli,51.13800706,17.05371917,51.137273,17.047925
36,36,MPK Autobusy,A,21:07:00,21:08:00,Syrokomli,Pola,51.137273,17.047925,51.13671695,17.04317468
37,37,MPK Autobusy,A,21:08:00,21:10:00,Pola,Broniewskiego,51.13671695,17.04317468,51.13590436,17.03532722
38,38,MPK Autobusy,A,21:10:00,21:12:00,Broniewskiego,Bałtycka,51.13590436,17.03532722,51.1382819,17.02937414
39,39,MPK Autobusy,A,21:12:00,21:14:00,Bałtycka,Bezpieczna,51.1382819,17.02937414,51.14245937,17.02567781
40,40,MPK Autobusy,A,21:14:00,21:15:00,Bezpieczna,Paprotna,51.14245937,17.02567781,51.14818098,17.02062686
41,41,MPK Autobusy,A,21:15:00,21:16:00,Paprotna,Zajezdnia Obornicka,51.14818098,17.02062686,51.14873744,17.02106859
42,42,MPK Autobusy,A,15:32:00,15:33:00,SOŁTYSOWICE,Bagatela,51.15517037,17.06442221,51.15221332,17.07005901
43,43,MPK Autobusy,A,15:33:00,15:34:00,Bagatela,Redycka,51.15221332,17.07005901,51.1486843,17.0755699
44,44,MPK Autobusy,A,15:34:00,15:36:00,Redycka,Poprzeczna,51.1486843,17.0755699,51.14578144,17.0729631
45,45,MPK Autobusy,A,15:36:00,15:37:00,Poprzeczna,Sołtysowicka,51.14578144,17.0729631,51.14381471,17.07135332
46,46,MPK Autobusy,A,15:37:00,15:38:00,Sołtysowicka,Koszarowa,51.14381471,17.07135332,51.14026927,17.06987491
47,47,MPK Autobusy,A,15:38:00,15:40:00,Koszarowa,KOSZAROWA (Szpital),51.14026927,17.06987491,51.14166292,17.06477615
48,48,MPK Autobusy,A,15:40:00,15:43:00,KOSZAROWA (Szpital),pl. Daniłowskiego,51.14166292,17.06477615,51.13845372,17.05991231
49,49,MPK Autobusy,A,15:43:00,15:44:00,pl. Daniłowskiego,Berenta,51.13845372,17.05991231,51.13578,17.05758711
50,50,MPK Autobusy,A,15:44:00,15:49:00,Berenta,KROMERA,51.13578,17.05758711,51.13164737,17.06263024
51,51,MPK Autobusy,A,15:49:00,15:51:00,KROMERA,Mosty Warszawskie,51.13164737,17.06263024,51.12800137,17.05485837
52,52,MPK Autobusy,A,15:51:00,15:53:00,Mosty Warszawskie,Wyszyńskiego,51.12800137,17.05485837,51.12268089,17.05257537
53,53,MPK Autobusy,A,15:53:00,15:56:00,Wyszyńskiego,Ogród Botaniczny,51.12268089,17.05257537,51.1161181,17.05107322
54,54,MPK Autobusy,A,15:56:00,15:58:00,Ogród Botaniczny,Katedra,51.1161181,17.05107322,51.1133059,17.04984723
55,55,MPK Autobusy,A,15:58:00,15:59:00,Katedra,Urząd Wojewódzki (Muzeum Narodowe),51.1133059,17.04984723,51.10991254,17.04769052
56,56,MPK Autobusy,A,15:59:00,16:01:00,Urząd Wojewódzki (Muzeum Narodowe),Poczta Główna,51.10991254,17.04769052,51.1078565,17.04563742
57,57,MPK Autobusy,A,16:01:00,16:04:00,Poczta Główna,skwer Krasińskiego,51.1078565,17.04563742,51.104088,17.041002
58,58,MPK Autobusy,A,16:04:00,16:05:00,skwer Krasińskiego,Wzgórze Partyzantów,51.104088,17.041002,51.10378692,17.03849027
59,59,MPK Autobusy,A,16:05:00,16:07:00,Wzgórze Partyzantów,Renoma,51.10378692,17.03849027,51.10412651,17.03231779
60,60,MPK Autobusy,A,16:07:00,16:10:00,Renoma,Arkady (Capitol),51.10412651,17.03231779,51.1020902,17.02946781
61,61,MPK Autobusy,A,16:10:00,16:15:00,Arkady (Capitol),Pl. Hirszfelda,51.1020902,17.02946781,51.09448977,17.01633481
62,62,MPK Autobusy,A,16:15:00,16:17:00,Pl. Hirszfelda,Krucza,51.09448977,17.01633481,51.09358878,17.00993331
63,63,MPK Autobusy,A,16:17:00,16:18:00,Krucza,Krucza (Mielecka),51.09358878,17.00993331,51.09341211,17.00376531
64,64,MPK Autobusy,A,16:18:00,16:20:00,Krucza (Mielecka),Inżynierska,51.09341211,17.00376531,51.09476882,16.9911838
65,65,MPK Autobusy,A,16:20:00,16:23:00,Inżynierska,Aleja Pracy,51.09476882,16.9911838,51.0918696,16.98537334
66,66,MPK Autobusy,A,16:23:00,16:29:00,Aleja Pracy,FAT,51.0918696,16.98537334,51.09412632,16.9783528
67,67,MPK Autobusy,A,16:29:00,16:31:00,FAT,GRABISZYŃSKA (Cmentarz),51.09412632,16.9783528,51.08990377,16.97664203
68,68,MPK Autobusy,A,16:31:00,16:33:00,GRABISZYŃSKA (Cmentarz),Solskiego,51.08990377,16.97664203,51.08120131,16.96770377
69,69,MPK Autobusy,A,16:33:00,16:36:00,Solskiego,Wiejska,51.08120131,16.96770377,51.07700276,16.96415159
70,70,MPK Autobusy,A,16:36:00,16:37:00,Wiejska,Kadłubka,51.07700276,16.96415159,51.07622344,16.96886864
71,71,MPK Autobusy,A,16:37:00,16:38:00,Kadłubka,Stanki,51.07622344,16.96886864,51.07616146,16.97383436
72,72,MPK Autobusy,A,16:38:00,16:39:00,Stanki,Bukowskiego,51.07616146,16.97383436,51.07649043,16.97759377
73,73,MPK Autobusy,A,16:39:00,16:40:00,Bukowskiego,RACŁAWICKA,51.07649043,16.97759377,51.07749159,16.98510343
74,74,MPK Autobusy,A,16:40:00,16:41:00,RACŁAWICKA,Rymarska,51.07749159,16.98510343,51.07954366,16.99284318
75,75,MPK Autobusy,A,16:41:00,16:43:00,Rymarska,Wawrzyniaka,51.07954366,16.99284318,51.07658637,16.9968549
76,76,MPK Autobusy,A,16:43:00,16:44:00,Wawrzyniaka,Chłodna,51.07658637,16.9968549,51.07498635,16.99683129
77,77,MPK Autobusy,A,16:44:00,16:45:00,Chłodna,Sowia,51.07498635,16.99683129,51.07374877,17.00162009
78,78,MPK Autobusy,A,16:45:00,16:47:00,Sowia,KRZYKI,51.07374877,17.00162009,51.07488366,17.00656861
79,79,MPK Autobusy,A,17:03:00,17:04:00,KRZYKI,Sowia,51.07488366,17.00656861,51.07379262,17.00184494
80,80,MPK Autobusy,A,17:04:00,17:05:00,Sowia,Chłodna,51.07379262,17.00184494,51.07512234,16.99667086
81,81,MPK Autobusy,A,17:05:00,17:06:00,Chłodna,Wawrzyniaka,51.07512234,16.99667086,51.078074,16.9982022
82,82,MPK Autobusy,A,17:06:00,17:08:00,Wawrzyniaka,Rymarska,51.078074,16.9982022,51.0793232,16.99125798
83,83,MPK Autobusy,A,17:08:00,17:09:00,Rymarska,RACŁAWICKA,51.0793232,16.99125798,51.077395,16.983938
84,84,MPK Autobusy,A,17:09:00,17:10:00,RACŁAWICKA,Bukowskiego,51.077395,16.983938,51.07670719,16.97736107
85,85,MPK Autobusy,A,17:10:00,17:11:00,Bukowskiego,Stanki,51.07670719,16.97736107,51.07632585,16.97206692
86,86,MPK Autobusy,A,17:11:00,17:12:00,Stanki,Kadłubka,51.07632585,16.97206692,51.07647653,16.96866058
87,87,MPK Autobusy,A,17:12:00,17:13:00,Kadłubka,Wiejska,51.07647653,16.96866058,51.07763602,16.96391602
88,88,MPK Autobusy,A,17:13:00,17:14:00,Wiejska,Solskiego,51.07763602,16.96391602,51.08179036,16.96866979
89,89,MPK Autobusy,A,17:14:00,17:16:00,Solskiego,GRABISZYŃSKA (Cmentarz),51.08179036,16.96866979,51.0896217,16.97666221
90,90,MPK Autobusy,A,17:16:00,17:19:00,GRABISZYŃSKA (Cmentarz),FAT,51.0896217,16.97666221,51.09375561,16.98037615
91,91,MPK Autobusy,A,17:19:00,17:21:00,FAT,Aleja Pracy,51.09375561,16.98037615,51.09225862,16.98641641
92,92,MPK Autobusy,A,17:21:00,17:23:00,Aleja Pracy,Inżynierska,51.09225862,16.98641641,51.09454012,16.99196391
93,93,MPK Autobusy,A,17:23:00,17:25:00,Inżynierska,Krucza (Mielecka),51.09454012,16.99196391,51.09325606,17.00249247
94,94,MPK Autobusy,A,17:25:00,17:27:00,Krucza (Mielecka),Krucza,51.09325606,17.00249247,51.09342283,17.0083676
95,95,MPK Autobusy,A,17:27:00,17:30:00,Krucza,Pl. Hirszfelda,51.09342283,17.0083676,51.09382147,17.01795905
96,96,MPK Autobusy,A,17:30:00,17:37:00,Pl. Hirszfelda,Arkady (Capitol),51.09382147,17.01795905,51.10203906,17.02983653
97,97,MPK Autobusy,A,17:37:00,17:41:00,Arkady (Capitol),Dworzec Główny (Dworcowa),51.10203906,17.02983653,51.10114919,17.04001736
98,98,MPK Autobusy,A,17:41:00,17:42:00,Dworzec Główny (Dworcowa),skwer Krasińskiego,51.10114919,17.04001736,51.103441,17.04226
99,99,MPK Autobusy,A,17:42:00,17:43:00,skwer Krasińskiego,Krasińskiego,51.103441,17.04226,51.10585896,17.04334082
100,100,MPK Autobusy,A,17:43:00,17:46:00,Krasińskiego,Urząd Wojewódzki (Muzeum Narodowe),51.10585896,17.04334082,51.11044991,17.04858192
101,101,MPK Autobusy,A,17:46:00,17:48:00,Urząd Wojewódzki (Muzeum Narodowe),Katedra,51.11044991,17.04858192,51.11419938,17.05079812
102,102,MPK Autobusy,A,17:48:00,17:50:00,Katedra,Ogród Botaniczny,51.11419938,17.05079812,51.11715674,17.05147222
103,103,MPK Autobusy,A,17:50:00,17:52:00,Ogród Botaniczny,Wyszyńskiego,51.11715674,17.05147222,51.1227988,17.0528858
104,104,MPK Autobusy,A,17:52:00,17:53:00,Wyszyńskiego,Damrota,51.1227988,17.0528858,51.12648854,17.0548761
105,105,MPK Autobusy,A,17:53:00,17:58:00,Damrota,KROMERA,51.12648854,17.0548761,51.13237794,17.06301095
106,106,MPK Autobusy,A,17:58:00,18:01:00,KROMERA,Berenta,51.13237794,17.06301095,51.1355112,17.05758582
107,107,MPK Autobusy,A,18:01:00,18:03:00,Berenta,pl. Daniłowskiego,51.1355112,17.05758582,51.13881054,17.06030177
108,108,MPK Autobusy,A,18:03:00,18:04:00,pl. Daniłowskiego,Przybyszewskiego,51.13881054,17.06030177,51.14011673,17.06296696
109,109,MPK Autobusy,A,18:04:00,18:05:00,Przybyszewskiego,Czajkowskiego,51.14011673,17.06296696,51.13916433,17.06510721
110,110,MPK Autobusy,A,18:05:00,18:07:00,Czajkowskiego,KOSZAROWA (Uniwersytet),51.13916433,17.06510721,51.14049516,17.06847989
111,111,MPK Autobusy,A,18:07:00,18:08:00,KOSZAROWA (Uniwersytet),KOSZAROWA (Szpital),51.14049516,17.06847989,51.14166292,17.06477615
112,112,MPK Autobusy,A,18:15:00,18:18:00,KOSZAROWA (Szpital),pl. Daniłowskiego,51.14166292,17.06477615,51.138618,17.058885
113,113,MPK Autobusy,A,18:18:00,18:19:00,pl. Daniłowskiego,Kasprowicza,51.138618,17.058885,51.13800706,17.05371917
114,114,MPK Autobusy,A,18:19:00,18:20:00,Kasprowicza,Syrokomli,51.13800706,17.05371917,51.137273,17.047925
115,115,MPK Autobusy,A,18:20:00,18:21:00,Syrokomli,Pola,51.137273,17.047925,51.13671695,17.04317468
116,116,MPK Autobusy,A,18:21:00,18:23:00,Pola,Broniewskiego,51.13671695,17.04317468,51.13590436,17.03532722
117,117,MPK Autobusy,A,18:23:00,18:25:00,Broniewskiego,Bałtycka,51.13590436,17.03532722,51.1382819,17.02937414
118,118,MPK Autobusy,A,18:25:00,18:27:00,Bałtycka,Bezpieczna,51.1382819,17.02937414,51.14245937,17.02567781
119,119,MPK Autobusy,A,18:27:00,18:28:00,Bezpieczna,Paprotna,51.14245937,17.02567781,51.14818098,17.02062686
120,120,MPK Autobusy,A,18:28:00,18:29:00,Paprotna,Zajezdnia Obornicka,51.14818098,17.02062686,51.14873744,17.02106859
121,121,MPK Autobusy,A,20:52:00,20:53:00,Zajezdnia Obornicka,Paprotna,51.14873744,17.02106859,51.14775215,17.02053929
122,122,MPK Autobusy,A,20:53:00,20:54:00,Paprotna,Obornicka (Wołowska),51.14775215,17.02053929,51.144385,17.023735
123,123,MPK Autobusy,A,20:54:00,20:55:00,Obornicka (Wołowska),Bezpieczna,51.144385,17.023735,51.14136001,17.02637623
124,124,MPK Autobusy,A,20:55:00,20:57:00,Bezpieczna,Bałtycka,51.14136001,17.02637623,51.13663187,17.0306168
125,125,MPK Autobusy,A,20:57:00,20:59:00,Bałtycka,Broniewskiego,51.13663187,17.0306168,51.13585101,17.03738306
126,126,MPK Autobusy,A,20:59:00,21:00:00,Broniewskiego,Pola,51.13585101,17.03738306,51.13674862,17.04469823
127,127,MPK Autobusy,A,21:00:00,21:01:00,Pola,Syrokomli,51.13674862,17.04469823,51.137303,17.048892
128,128,MPK Autobusy,A,21:01:00,21:02:00,Syrokomli,Kasprowicza,51.137303,17.048892,51.13786515,17.05367076
129,129,MPK Autobusy,A,21:02:00,21:03:00,Kasprowicza,pl. Daniłowskiego,51.13786515,17.05367076,51.13881054,17.06030177
130,130,MPK Autobusy,A,21:03:00,21:04:00,pl. Daniłowskiego,Przybyszewskiego,51.13881054,17.06030177,51.14011673,17.06296696
131,131,MPK Autobusy,A,21:04:00,21:05:00,Przybyszewskiego,Czajkowskiego,51.14011673,17.06296696,51.13916433,17.06510721
132,132,MPK Autobusy,A,21:05:00,21:07:00,Czajkowskiego,KOSZAROWA (Uniwersytet),51.13916433,17.06510721,51.14049516,17.06847989
133,133,MPK Autobusy,A,21:07:00,21:08:00,KOSZAROWA (Uniwersytet),KOSZAROWA (Szpital),51.14049516,17.06847989,51.14166292,17.06477615
134,134,MPK Autobusy,A,21:10:00,21:12:00,KOSZAROWA (Szpital),pl. Daniłowskiego,51.14166292,17.06477615,51.13845372,17.05991231
135,135,MPK Autobusy,A,21:12:00,21:13:00,pl. Daniłowskiego,Berenta,51.13845372,17.05991231,51.13578,17.05758711
136,136,MPK Autobusy,A,21:13:00,21:16:00,Berenta,KROMERA,51.13578,17.05758711,51.13164737,17.06263024
137,137,MPK Autobusy,A,21:16:00,21:18:00,KROMERA,Mosty Warszawskie,51.13164737,17.06263024,51.12800137,17.05485837
138,138,MPK Autobusy,A,21:18:00,21:20:00,Mosty Warszawskie,Wyszyńskiego,51.12800137,17.05485837,51.12268089,17.05257537
139,139,MPK Autobusy,A,21:20:00,21:22:00,Wyszyńskiego,Ogród Botaniczny,51.12268089,17.05257537,51.1161181,17.05107322
140,140,MPK Autobusy,A,21:22:00,21:23:00,Ogród Botaniczny,Katedra,51.1161181,17.05107322,51.1133059,17.04984723
141,141,MPK Autobusy,A,21:23:00,21:24:00,Katedra,Urząd Wojewódzki (Muzeum Narodowe),51.1133059,17.04984723,51.10991254,17.04769052
142,142,MPK Autobusy,A,21:24:00,21:25:00,Urząd Wojewódzki (Muzeum Narodowe),Poczta Główna,51.10991254,17.04769052,51.1078565,17.04563742
143,143,MPK Autobusy,A,21:25:00,21:27:00,Poczta Główna,skwer Krasińskiego,51.1078565,17.04563742,51.104088,17.041002
144,144,MPK Autobusy,A,21:27:00,21:28:00,skwer Krasińskiego,Wzgórze Partyzantów,51.104088,17.041002,51.10378692,17.03849027
145,145,MPK Autobusy,A,21:28:00,21:30:00,Wzgórze Partyzantów,Renoma,51.10378692,17.03849027,51.10412651,17.03231779
146,146,MPK Autobusy,A,21:30:00,21:32:00,Renoma,Arkady (Capitol),51.10412651,17.03231779,51.1020902,17.02946781
147,147,MPK Autobusy,A,21:32:00,21:36:00,Arkady (Capitol),Pl. Hirszfelda,51.1020902,17.02946781,51.09448977,17.01633481
148,148,MPK Autobusy,A,21:36:00,21:38:00,Pl. Hirszfelda,Krucza,51.09448977,17.01633481,51.09358878,17.00993331
149,149,MPK Autobusy,A,21:38:00,21:39:00,Krucza,Krucza (Mielecka),51.09358878,17.00993331,51.09341211,17.00376531
150,150,MPK Autobusy,A,21:39:00,21:41:00,Krucza (Mielecka),Inżynierska,51.09341211,17.00376531,51.09476882,16.9911838
151,151,MPK Autobusy,A,21:41:00,21:43:00,Inżynierska,Aleja Pracy,51.09476882,16.9911838,51.0918696,16.98537334
152,152,MPK Autobusy,A,21:43:00,21:45:00,Aleja Pracy,FAT,51.0918696,16.98537334,51.09412632,16.9783528
153,153,MPK Autobusy,A,21:45:00,21:46:00,FAT,GRABISZYŃSKA (Cmentarz),51.09412632,16.9783528,51.08990377,16.97664203
154,154,MPK Autobusy,A,21:46:00,21:48:00,GRABISZYŃSKA (Cmentarz),Solskiego,51.08990377,16.97664203,51.08120131,16.96770377
155,155,MPK Autobusy,A,21:48:00,21:50:00,Solskiego,Wiejska,51.08120131,16.96770377,51.07700276,16.96415159
156,156,MPK Autobusy,A,21:50:00,21:51:00,Wiejska,Kadłubka,51.07700276,16.96415159,51.07622344,16.96886864
157,157,MPK Autobusy,A,21:51:00,21:52:00,Kadłubka,Stanki,51.07622344,16.96886864,51.07616146,16.97383436
158,158,MPK Autobusy,A,21:52:00,21:53:00,Stanki,Bukowskiego,51.07616146,16.97383436,51.07649043,16.97759377
159,159,MPK Autobusy,A,21:53:00,21:54:00,Bukowskiego,RACŁAWICKA,51.07649043,16.97759377,51.07749159,16.98510343
160,160,MPK Autobusy,A,21:54:00,21:55:00,RACŁAWICKA,Rymarska,51.07749159,16.98510343,51.07954366,16.99284318
161,161,MPK Autobusy,A,21:55:00,21:57:00,Rymarska,Wawrzyniaka,51.07954366,16.99284318,51.07658637,16.9968549
162,162,MPK Autobusy,A,21:57:00,21:58:00,Wawrzyniaka,Chłodna,51.07658637,16.9968549,51.07498635,16.99683129
163,163,MPK Autobusy,A,21:58:00,21:59:00,Chłodna,Sowia,51.07498635,16.99683129,51.07374877,17.00162009
164,164,MPK Autobusy,A,21:59:00,22:01:00,Sowia,KRZYKI,51.07374877,17.00162009,51.07488366,17.00656861
165,165,MPK Autobusy,A,22:19:00,22:20:00,KRZYKI,Sowia,51.07488366,17.00656861,51.07379262,17.00184494
166,166,MPK Autobusy,A,22:20:00,22:21:00,Sowia,Chłodna,51.07379262,17.00184494,51.07512234,16.99667086
167,167,MPK Autobusy,A,22:21:00,22:22:00,Chłodna,Wawrzyniaka,51.07512234,16.99667086,51.078074,16.9982022
168,168,MPK Autobusy,A,22:22:00,22:24:00,Wawrzyniaka,Rymarska,51.078074,16.9982022,51.0793232,16.99125798
169,169,MPK Autobusy,A,22:24:00,22:25:00,Rymarska,RACŁAWICKA,51.0793232,16.99125798,51.077395,16.983938
170,170,MPK Autobusy,A,22:25:00,22:26:00,RACŁAWICKA,Bukowskiego,51.077395,16.983938,51.07670719,16.97736107
171,171,MPK Autobusy,A,22:26:00,22:27:00,Bukowskiego,Stanki,51.07670719,16.97736107,51.07632585,16.97206692
172,172,MPK Autobusy,A,22:27:00,22:28:00,Stanki,Kadłubka,51.07632585,16.97206692,51.07647653,16.96866058
173,173,MPK Autobusy,A,22:28:00,22:29:00,Kadłubka,Wiejska,51.07647653,16.96866058,51.07763602,16.96391602
174,174,MPK Autobusy,A,22:29:00,22:30:00,Wiejska,Solskiego,51.07763602,16.96391602,51.08179036,16.96866979
175,175,MPK Autobusy,A,22:30:00,22:32:00,Solskiego,GRABISZYŃSKA (Cmentarz),51.08179036,16.96866979,51.0896217,16.97666221
176,176,MPK Autobusy,A,22:32:00,22:34:00,GRABISZYŃSKA (Cmentarz),FAT,51.0896217,16.97666221,51.09375561,16.98037615
177,177,MPK Autobusy,A,22:34:00,22:36:00,FAT,Aleja Pracy,51.09375561,16.98037615,51.09225862,16.98641641
178,178,MPK Autobusy,A,22:36:00,22:37:00,Aleja Pracy,Inżynierska,51.09225862,16.98641641,51.09454012,16.99196391
179,179,MPK Autobusy,A,22:37:00,22:39:00,Inżynierska,Krucza (Mielecka),51.09454012,16.99196391,51.09325606,17.00249247
180,180,MPK Autobusy,A,22:39:00,22:40:00,Krucza (Mielecka),Krucza,51.09325606,17.00249247,51.09342283,17.0083676
181,181,MPK Autobusy,A,22:40:00,22:42:00,Krucza,Pl. Hirszfelda,51.09342283,17.0083676,51.09382147,17.01795905
182,182,MPK Autobusy,A,22:42:00,22:47:00,Pl. Hirszfelda,Arkady (Capitol),51.09382147,17.01795905,51.10203906,17.02983653
183,183,MPK Autobusy,A,22:47:00,22:50:00,Arkady (Capitol),Dworzec Główny (Dworcowa),51.10203906,17.02983653,51.10114919,17.04001736
184,184,MPK Autobusy,A,22:50:00,22:51:00,Dworzec Główny (Dworcowa),skwer Krasińskiego,51.10114919,17.04001736,51.103441,17.04226
185,185,MPK Autobusy,A,22:51:00,22:52:00,skwer Krasińskiego,Krasińskiego,51.103441,17.04226,51.10585896,17.04334082
186,186,MPK Autobusy,A,22:52:00,22:54:00,Krasińskiego,Urząd Wojewódzki (Muzeum Narodowe),51.10585896,17.04334082,51.11044991,17.04858192
187,187,MPK Autobusy,A,22:54:00,22:55:00,Urząd Wojewódzki (Muzeum Narodowe),Katedra,51.11044991,17.04858192,51.11419938,17.05079812
188,188,MPK Autobusy,A,22:55:00,22:57:00,Katedra,Ogród Botaniczny,51.11419938,17.05079812,51.11715674,17.05147222
189,189,MPK Autobusy,A,22:57:00,22:59:00,Ogród Botaniczny,Wyszyńskiego,51.11715674,17.05147222,51.1227988,17.0528858
190,190,MPK Autobusy,A,22:59:00,23:00:00,Wyszyńskiego,Damrota,51.1227988,17.0528858,51.12648854,17.0548761
191,191,MPK Autobusy,A,23:00:00,23:02:00,Damrota,KROMERA,51.12648854,17.0548761,51.13237794,17.06301095
192,192,MPK Autobusy,A,23:02:00,23:04:00,KROMERA,Berenta,51.13237794,17.06301095,51.1355112,17.05758582
193,193,MPK Autobusy,A,23:04:00,23:06:00,Berenta,pl. Daniłowskiego,51.1355112,17.05758582,51.13881054,17.06030177
194,194,MPK Autobusy,A,23:06:00,23:07:00,pl. Daniłowskiego,Przybyszewskiego,51.13881054,17.06030177,51.14011673,17.06296696
195,195,MPK Autobusy,A,23:07:00,23:07:00,Przybyszewskiego,Czajkowskiego,51.14011673,17.06296696,51.13916433,17.06510721
196,196,MPK Autobusy,A,23:07:00,23:08:00,Czajkowskiego,Koszarowa,51.13916433,17.06510721,51.14030866,17.07010305
197,197,MPK Autobusy,A,23:08:00,23:09:00,Koszarowa,Sołtysowicka,51.14030866,17.07010305,51.14245173,17.07091309
198,198,MPK Autobusy,A,23:09:00,23:10:00,Sołtysowicka,Poprzeczna,51.14245173,17.07091309,51.1466086,17.07419874
199,199,MPK Autobusy,A,23:10:00,23:11:00,Poprzeczna,Redycka,51.1466086,17.07419874,51.14916733,17.07521469
200,200,MPK Autobusy,A,23:11:00,23:12:00,Redycka,Bagatela,51.14916733,17.07521469,51.15276265,17.06938922
201,201,MPK Autobusy,A,23:12:00,23:14:00,Bagatela,SOŁTYSOWICE,51.15276265,17.06938922,51.15517037,17.06442221
202,202,MPK Autobusy,A,21:46:00,21:47:00,Zajezdnia Obornicka,Paprotna,51.14873744,17.02106859,51.14775215,17.02053929
203,203,MPK Autobusy,A,21:47:00,21:48:00,Paprotna,Obornicka (Wołowska),51.14775215,17.02053929,51.144385,17.023735
204,204,MPK Autobusy,A,21:48:00,21:49:00,Obornicka (Wołowska),Bezpieczna,51.144385,17.023735,51.14136001,17.02637623
205,205,MPK Autobusy,A,21:49:00,21:51:00,Bezpieczna,Bałtycka,51.14136001,17.02637623,51.13663187,17.0306168
206,206,MPK Autobusy,A,21:51:00,21:53:00,Bałtycka,Broniewskiego,51.13663187,17.0306168,51.13585101,17.03738306
207,207,MPK Autobusy,A,21:53:00,21:54:00,Broniewskiego,Pola,51.13585101,17.03738306,51.13674862,17.04469823
208,208,MPK Autobusy,A,21:54:00,21:55:00,Pola,Syrokomli,51.13674862,17.04469823,51.137303,17.048892
209,209,MPK Autobusy,A,21:55:00,21:56:00,Syrokomli,Kasprowicza,51.137303,17.048892,51.13786515,17.05367076
210,210,MPK Autobusy,A,21:56:00,21:57:00,Kasprowicza,pl. Daniłowskiego,51.13786515,17.05367076,51.13881054,17.06030177
211,211,MPK Autobusy,A,21:57:00,21:58:00,pl. Daniłowskiego,Przybyszewskiego,51.13881054,17.06030177,51.14011673,17.06296696
212,212,MPK Autobusy,A,21:58:00,21:59:00,Przybyszewskiego,Czajkowskiego,51.14011673,17.06296696,51.13916433,17.06510721
213,213,MPK Autobusy,A,21:59:00,22:01:00,Czajkowskiego,KOSZAROWA (Uniwersytet),51.13916433,17.06510721,51.14049516,17.06847989
214,214,MPK Autobusy,A,22:01:00,22:02:00,KOSZAROWA (Uniwersytet),KOSZAROWA (Szpital),51.14049516,17.06847989,51.14166292,17.06477615
215,215,MPK Autobusy,A,22:10:00,22:12:00,KOSZAROWA (Szpital),pl. Daniłowskiego,51.14166292,17.06477615,51.13845372,17.05991231
216,216,MPK Autobusy,A,22:12:00,22:13:00,pl. Daniłowskiego,Berenta,51.13845372,17.05991231,51.13578,17.05758711
217,217,MPK Autobusy,A,22:13:00,22:16:00,Berenta,KROMERA,51.13578,17.05758711,51.13164737,17.06263024
218,218,MPK Autobusy,A,22:16:00,22:18:00,KROMERA,Mosty Warszawskie,51.13164737,17.06263024,51.12800137,17.05485837
219,219,MPK Autobusy,A,22:18:00,22:20:00,Mosty Warszawskie,Wyszyńskiego,51.12800137,17.05485837,51.12268089,17.05257537
220,220,MPK Autobusy,A,22:20:00,22:22:00,Wyszyńskiego,Ogród Botaniczny,51.12268089,17.05257537,51.1161181,17.05107322
221,221,MPK Autobusy,A,22:22:00,22:23:00,Ogród Botaniczny,Katedra,51.1161181,17.05107322,51.1133059,17.04984723
222,222,MPK Autobusy,A,22:23:00,22:24:00,Katedra,Urząd Wojewódzki (Muzeum Narodowe),51.1133059,17.04984723,51.10991254,17.04769052
223,223,MPK Autobusy,A,22:24:00,22:25:00,Urząd Wojewódzki (Muzeum Narodowe),Poczta Główna,51.10991254,17.04769052,51.1078565,17.04563742
224,224,MPK Autobusy,A,22:25:00,22:27:00,Poczta Główna,skwer Krasińskiego,51.1078565,17.04563742,51.104088,17.041002
225,225,MPK Autobusy,A,22:27:00,22:28:00,skwer Krasińskiego,Wzgórze Partyzantów,51.104088,17.041002,51.10378692,17.03849027